{
    "uvs":[[1,0.333333,1,0.375,-0.057692,0.378035,-0.057692,0.336368,1,0.416667,-0.057692,0.419702,1,0.458333,-0.057692,0.461368,1,0.5,-0.057692,0.503035,1,0.541667,-0.057692,0.544702,1,0.583333,-0.057692,0.586368,1,0.625,-0.057692,0.628035,1,0.666667,-0.057692,0.669702,1,0.708333,-0.057692,0.711368,1,0.75,-0.057692,0.753035,1,0.791667,-0.057692,0.794702,1,0.833333,-0.057692,0.836368,1,0.875,-0.057692,0.878035,1,0.916667,-0.057692,0.919702,1,0.958333,-0.057692,0.961368,1,1,-0.057692,1.00303,1,0.333333,1,0.375,0,0.375,0,0.333333,1,0.416667,0,0.416667,1,0.458333,0,0.458333,1,0.5,0,0.5,1,0.541667,0,0.541667,1,0.583333,0,0.583333,1,0.625,0,0.625,1,0.666667,0,0.666667,1,0.708333,0,0.708333,1,0.75,0,0.75,1,0.791667,0,0.791667,1,0.833333,0,0.833333,1,0.875,0,0.875,1,0.916667,0,0.916667,1,0.958333,0,0.958333,1,1,0,1,0.942308,0.339403,0.942308,0.38107,0.942308,0.422737,0.942308,0.464403,0.942308,0.50607,0.942308,0.547737,0.942308,0.589403,0.942308,0.63107,0.942308,0.672737,0.942308,0.714403,0.942308,0.75607,0.942308,0.797737,0.942308,0.839403,0.942308,0.88107,0.942308,0.922737,0.942308,0.964403,0.942308,1.00607,0.980769,0.339403,0.980769,0.38107,0.980769,0.422737,0.980769,0.464403,0.980769,0.50607,0.980769,0.547737,0.980769,0.589403,0.980769,0.63107,0.980769,0.672737,0.980769,0.714403,0.980769,0.75607,0.980769,0.797737,0.980769,0.839403,0.980769,0.88107,0.980769,0.922737,0.980769,0.964403,0.980769,1.00607]],
    "vertices":[1.43994,0.82039,-0.115198,-0.006617,0.005735,-0.066392,-0.01507,0.001551,0.019184,-0.024729,0.013566,-0.064333,-0.033354,0.010577,0.02133,-0.035696,0.031372,-0.064034,-0.044458,0.029577,0.021695,-0.04141,0.044604,-0.064947,-0.050272,0.043965,0.020827,-0.042164,0.057568,-0.064648,-0.05109,0.058013,0.021151,-0.042592,0.07055,-0.064539,-0.051551,0.071982,0.02127,-0.042727,0.083538,-0.064598,-0.051696,0.085844,0.021207,-0.042607,0.096525,-0.064805,-0.051569,0.099584,0.020988,-0.04227,0.109506,-0.065137,-0.051216,0.113196,0.02064,-0.041753,0.122477,-0.065573,-0.05068,0.126685,0.020187,-0.041092,0.135439,-0.066092,-0.049998,0.140059,0.019651,-0.040317,0.148392,-0.066677,-0.049203,0.153332,0.019052,-0.039455,0.161337,-0.067312,-0.048325,0.166519,0.018405,-0.038528,0.174275,-0.067985,-0.047384,0.179655,0.017722,-0.037563,0.187209,-0.068698,-0.046407,0.192751,0.017001,-0.036572,0.200139,-0.06944,-0.045407,0.2058,0.016252,-0.03556,0.213066,-0.070203,-0.044391,0.218777,0.015485,0.040508,0.021009,-0.05304,0.012463,0.040382,0.044974,0.044017,0.031129,-0.055019,0.015541,0.049258,0.043238,0.047093,0.041412,-0.056872,0.018241,0.058283,0.041612,0.049741,0.051836,-0.058597,0.020575,0.067477,0.040091,0.051977,0.062375,-0.060199,0.022564,0.076853,0.038666,0.053831,0.073006,-0.061684,0.024231,0.086417,0.03733,0.05534,0.083704,-0.063063,0.025605,0.096166,0.036074,0.056547,0.094453,-0.064348,0.026718,0.106092,0.034888,0.057496,0.105237,-0.065552,0.027605,0.116183,0.033761,0.058231,0.116045,-0.066689,0.028301,0.126422,0.032684,0.058793,0.126869,-0.067771,0.028839,0.136792,0.031647,0.059219,0.137703,-0.06881,0.029251,0.147273,0.030642,0.059541,0.148544,-0.069816,0.029565,0.157845,0.029662,0.059785,0.159389,-0.070797,0.029805,0.168492,0.028699,0.059973,0.170237,-0.071759,0.029989,0.179171,0.027751,0.060129,0.181088,-0.072693,0.030144,0.189872,0.02683,0.060263,0.191941,-0.073606,0.030276,0.200662,0.025923,-0.040307,-0.010474,-0.038784,0.064196,0.017018,-0.047565,-0.044375,0.001666,-0.042141,0.060841,0.027028,-0.050333,-0.047828,0.014119,-0.045003,0.057993,0.037305,-0.052695,-0.050663,0.02683,-0.04737,0.055636,0.047874,-0.054662,-0.052904,0.039737,-0.049259,0.053751,0.058748,-0.056252,-0.054589,0.052787,-0.050701,0.052309,0.069928,-0.057486,-0.055772,0.065929,-0.051739,0.051278,0.081404,-0.05839,-0.056514,0.079127,-0.052421,0.050619,0.093159,-0.058996,-0.056881,0.092352,-0.052802,0.050287,0.105171,-0.059341,-0.056937,0.105588,-0.052931,0.050237,0.117413,-0.05946,-0.056742,0.118823,-0.052858,0.050421,0.129855,-0.059391,-0.056349,0.132051,-0.052627,0.050796,0.142466,-0.059169,-0.055805,0.145271,-0.052272,0.051321,0.15522,-0.058827,-0.055148,0.158484,-0.051827,0.051961,0.168087,-0.058394,-0.054409,0.171689,-0.051316,0.052687,0.181045,-0.057892,-0.053611,0.18489,-0.050758,0.053473,0.194055,-0.057341,-0.052766,0.198086,-0.050179,0.054312,0.207165,-0.056767,0.027077,0.011631,0.01994,-0.064786,0.027594,0.025081,0.030142,0.023255,0.01994,-0.062041,0.038006,0.025081,0.032914,0.034951,0.020002,-0.059557,0.048489,0.025137,0.035396,0.046712,0.020124,-0.057323,0.059073,0.025247,0.037603,0.058527,0.020305,-0.055323,0.069783,0.025411,0.039555,0.070386,0.020538,-0.053539,0.080633,0.025624,0.041277,0.08228,0.020819,-0.051946,0.091631,0.025884,0.042798,0.094199,0.021141,-0.050524,0.102777,0.026186,0.044149,0.106139,0.021499,-0.049248,0.114066,0.026524,0.045358,0.118092,0.021885,-0.048093,0.125486,0.026893,0.046452,0.130056,0.022295,-0.047038,0.137024,0.027288,0.047456,0.142027,0.022722,-0.046061,0.148664,0.027704,0.048392,0.154003,0.023164,-0.045146,0.160389,0.028137,0.049275,0.165983,0.023617,-0.044276,0.17219,0.028582,0.050124,0.177966,0.024052,-0.043435,0.184045,0.029013,0.050946,0.189951,0.024473,-0.042621,0.195923,0.02943,0.051744,0.201938,0.024882,-0.041827,0.20786,0.029838,0.21302,0.84812,0.186338],
    "faces":[41,2,4,3,1,0,1,2,3,0,1,2,0,41,4,6,5,3,1,4,5,2,1,3,4,2,41,6,8,7,5,4,6,7,5,3,5,6,4,41,8,10,9,7,6,8,9,7,5,7,8,6,41,10,12,11,9,8,10,11,9,7,9,10,8,41,12,14,13,11,10,12,13,11,9,11,12,10,41,14,16,15,13,12,14,15,13,11,13,14,12,41,16,18,17,15,14,16,17,15,13,15,16,14,41,18,20,19,17,16,18,19,17,15,17,18,16,41,20,22,21,19,18,20,21,19,17,19,19,18,41,22,24,23,21,20,22,23,21,19,20,21,19,41,24,26,25,23,22,24,25,23,20,22,22,21,41,26,28,27,25,24,26,27,25,22,23,23,22,41,28,30,29,27,26,28,29,27,23,24,24,23,41,30,32,31,29,28,30,31,29,24,25,25,24,41,32,34,33,31,30,32,33,31,25,26,26,25,41,35,37,38,36,34,35,36,37,27,28,29,27,41,37,39,40,38,35,38,39,36,28,30,31,29,41,39,41,42,40,38,40,41,39,30,32,33,31,41,41,43,44,42,40,42,43,41,32,34,35,33,41,43,45,46,44,42,44,45,43,34,36,37,35,41,45,47,48,46,44,46,47,45,36,38,39,37,41,47,49,50,48,46,48,49,47,38,40,41,39,41,49,51,52,50,48,50,51,49,40,42,43,41,41,51,53,54,52,50,52,53,51,42,44,45,43,41,53,55,56,54,52,54,55,53,44,46,47,45,41,55,57,58,56,54,56,57,55,46,48,49,47,41,57,59,60,58,56,58,59,57,48,50,51,49,41,59,61,62,60,58,60,61,59,50,52,52,51,41,61,63,64,62,60,62,63,61,52,53,53,52,41,63,65,66,64,62,64,65,63,53,54,54,53,41,65,67,68,66,64,66,67,65,54,55,55,54,41,69,71,72,70,68,69,36,37,56,57,58,56,41,71,73,74,72,69,70,39,36,57,59,60,58,41,73,75,76,74,70,71,41,39,59,61,62,60,41,75,77,78,76,71,72,43,41,61,63,64,62,41,77,79,80,78,72,73,45,43,63,65,66,64,41,79,81,82,80,73,74,47,45,65,67,68,66,41,81,83,84,82,74,75,49,47,67,69,70,68,41,83,85,86,84,75,76,51,49,69,71,72,70,41,85,87,88,86,76,77,53,51,71,73,74,72,41,87,89,90,88,77,78,55,53,73,75,76,74,41,89,91,92,90,78,79,57,55,75,77,78,76,41,91,93,94,92,79,80,59,57,77,79,80,78,41,93,95,96,94,80,81,61,59,79,81,82,80,41,95,97,98,96,81,82,63,61,81,83,84,82,41,97,99,100,98,82,83,65,63,83,85,86,84,41,99,101,102,100,83,84,67,65,85,87,87,86,41,103,105,106,104,85,86,36,37,88,89,90,88,41,105,107,108,106,86,87,39,36,89,91,92,90,41,107,109,110,108,87,88,41,39,91,93,94,92,41,109,111,112,110,88,89,43,41,93,95,96,94,41,111,113,114,112,89,90,45,43,95,97,98,96,41,113,115,116,114,90,91,47,45,97,99,100,98,41,115,117,118,116,91,92,49,47,99,101,102,100,41,117,119,120,118,92,93,51,49,101,103,103,102,41,119,121,122,120,93,94,53,51,103,104,104,103,41,121,123,124,122,94,95,55,53,104,105,105,104,41,123,125,126,124,95,96,57,55,105,106,106,105,41,125,127,128,126,96,97,59,57,106,107,107,106,41,127,129,130,128,97,98,61,59,107,108,108,107,41,129,131,132,130,98,99,63,61,108,109,109,108,41,131,133,134,132,99,100,65,63,109,110,110,109,41,133,135,136,134,100,101,67,65,110,111,111,110],