{
    "faces":[41,1,3,4,2,0,1,2,3,0,1,2,0,41,3,5,6,4,1,4,5,2,1,3,4,2,41,5,7,8,6,4,6,7,5,3,5,6,4,41,7,9,10,8,6,8,9,7,5,7,8,6,41,9,11,12,10,8,10,11,9,7,9,10,8,41,11,13,14,12,10,12,13,11,9,11,12,10,41,13,15,16,14,12,14,15,13,11,13,14,12,41,15,17,18,16,14,16,17,15,13,15,16,14,41,17,19,20,18,16,18,19,17,15,17,18,16,41,19,21,22,20,18,20,21,19,17,19,20,18,41,21,23,24,22,20,22,23,21,19,21,22,20,41,23,25,26,24,22,24,25,23,21,23,24,22,41,25,27,28,26,24,26,27,25,23,25,26,24,41,27,29,30,28,26,28,29,27,25,27,28,26,41,29,31,32,30,28,30,31,29,27,29,30,28,41,31,33,34,32,30,32,33,31,29,31,31,30,41,36,37,39,38,0,3,2,1,32,32,33,34,41,38,39,41,40,1,2,5,4,34,33,35,36,41,40,41,43,42,4,5,7,6,36,35,37,38,41,42,43,45,44,6,7,9,8,38,37,39,40,41,44,45,47,46,8,9,11,10,40,39,41,42,41,46,47,49,48,10,11,13,12,42,41,43,44,41,48,49,51,50,12,13,15,14,44,43,45,46,41,50,51,53,52,14,15,17,16,46,45,47,48,41,52,53,55,54,16,17,19,18,48,47,49,50,41,54,55,57,56,18,19,21,20,50,49,51,52,41,56,57,59,58,20,21,23,22,52,51,53,54,41,58,59,61,60,22,23,25,24,54,53,55,56,41,60,61,63,62,24,25,27,26,56,55,57,58,41,62,63,65,64,26,27,29,28,58,57,59,60,41,64,65,67,66,28,29,31,30,60,59,61,62,41,66,67,69,68,30,31,33,32,62,61,63,63,41,70,71,73,72,0,3,2,1,64,64,65,66,41,72,73,75,74,1,2,5,4,66,65,67,68,41,74,75,77,76,4,5,7,6,68,67,69,70,41,76,77,79,78,6,7,9,8,70,69,71,72,41,78,79,81,80,8,9,11,10,72,71,73,74,41,80,81,83,82,10,11,13,12,74,73,75,76,41,82,83,85,84,12,13,15,14,76,75,77,78,41,84,85,87,86,14,15,17,16,78,77,79,80,41,86,87,89,88,16,17,19,18,80,79,81,82,41,88,89,91,90,18,19,21,20,82,81,83,84,41,90,91,93,92,20,21,23,22,84,83,85,86,41,92,93,95,94,22,23,25,24,86,85,87,88,41,94,95,97,96,24,25,27,26,88,87,89,90,41,96,97,99,98,26,27,29,28,90,89,91,92,41,98,99,101,100,28,29,31,30,92,91,93,94,41,100,101,103,102,30,31,33,32,94,93,95,95],
    "normals":[-0.00998,-0.269601,-0.962889,-0.015351,-0.249001,-0.968352,-0.015076,-0.250038,-0.968108,-0.025208,-0.209204,-0.977538,-0.025117,-0.209571,-0.977447,-0.033815,-0.170385,-0.984771,-0.033876,-0.17011,-0.984832,-0.041078,-0.13358,-0.990173,-0.041231,-0.132817,-0.990265,-0.04706,-0.099734,-0.993896,-0.047273,-0.098575,-0.993988,-0.051851,-0.06943,-0.996216,-0.052034,-0.068087,-0.996307,-0.055574,-0.043092,-0.997497,-0.055757,-0.041688,-0.997559,-0.058412,-0.020783,-0.998047,-0.058565,-0.01944,-0.998077,-0.060518,-0.00238,-0.998138,-0.060671,-0.00116,-0.998138,-0.062105,0.012391,-0.997986,-0.062197,0.013398,-0.997955,-0.063234,0.023927,-0.997681,-0.063326,0.024751,-0.997681,-0.064058,0.032746,-0.997406,-0.064119,0.033387,-0.997375,-0.064638,0.039277,-0.997131,-0.064669,0.039766,-0.997101,-0.065035,0.043977,-0.996887,-0.065065,0.044343,-0.996887,-0.065279,0.046876,-0.996734,-0.06531,0.04706,-0.996734,-0.065371,0.047853,-0.996704,0.962951,-0.269601,0.001312,0.9682,-0.250038,0.006378,0.968474,-0.249001,0.006653,0.97763,-0.209571,0.016297,0.977722,-0.209204,0.016388,0.985076,-0.17011,0.024995,0.985046,-0.170385,0.024934,0.9906,-0.132817,0.032319,0.990509,-0.13358,0.032167,0.994385,-0.098575,0.038301,0.994263,-0.099734,0.038118,0.996734,-0.068087,0.043062,0.996643,-0.06943,0.042879,0.998016,-0.041688,0.046754,0.997955,-0.043092,0.046571,0.998566,-0.01944,0.049562,0.998535,-0.020783,0.049409,0.998657,-0.00116,0.051668,0.998657,-0.00238,0.051546,0.998474,0.013398,0.053224,0.998505,0.012391,0.053102,0.998199,0.024751,0.054323,0.99823,0.023927,0.054262,0.997894,0.033387,0.055147,0.997925,0.032746,0.055086,0.99765,0.039766,0.055696,0.99765,0.039277,0.055666,0.997436,0.044343,0.056093,0.997436,0.043977,0.056063,0.997284,0.04706,0.056307,0.997284,0.046876,0.056307,0.997253,0.047853,0.056398,-0.71041,0.290353,-0.641041,-0.71865,0.271187,-0.640278,-0.719077,0.27018,-0.640217,-0.734245,0.231483,-0.638142,-0.734397,0.231117,-0.638142,-0.74749,0.192663,-0.63567,-0.747429,0.192907,-0.635701,-0.758263,0.155889,-0.632984,-0.75808,0.156652,-0.633045,-0.766717,0.122074,-0.630238,-0.766472,0.123203,-0.630329,-0.773125,0.091922,-0.627552,-0.772851,0.093265,-0.627674,-0.777795,0.065767,-0.625019,-0.777581,0.067141,-0.625172,-0.781152,0.043672,-0.622791,-0.780969,0.045015,-0.622944,-0.783471,0.025544,-0.620869,-0.783319,0.026734,-0.620991,-0.785058,0.011048,-0.619282,-0.784967,0.012055,-0.619373,-0.786157,-0.000214,-0.618,-0.786065,0.00058,-0.618091,-0.786889,-0.008789,-0.617023,-0.786828,-0.008148,-0.617084,-0.787378,-0.015137,-0.61626,-0.787317,-0.014649,-0.616321,-0.787683,-0.019715,-0.615741,-0.787652,-0.019349,-0.615772,-0.787866,-0.022401,-0.615406,-0.787866,-0.022248,-0.615436,-0.787927,-0.023194,-0.615314],
    "metadata":{
        "faces":48,
        "normals":96,
        "type":"Geometry",
        "generator":"io_three",
        "uvs":1,
        "vertices":104,
        "version":3
    },
    "vertices":[1.43994,0.82039,-0.115198,-0.040307,-0.010474,-0.001675,0.064196,0.017018,-0.010457,-0.044375,0.001666,-0.005032,0.060841,0.027028,-0.013225,-0.047828,0.014119,-0.007895,0.057993,0.037305,-0.015587,-0.050663,0.02683,-0.010262,0.055636,0.047874,-0.017554,-0.052904,0.039737,-0.012151,0.053751,0.058748,-0.019144,-0.054589,0.052787,-0.013593,0.052309,0.069928,-0.020377,-0.055772,0.065929,-0.01463,0.051278,0.081404,-0.021281,-0.056514,0.079127,-0.015313,0.050619,0.093159,-0.021888,-0.056881,0.092352,-0.015693,0.050287,0.105171,-0.022232,-0.056937,0.105588,-0.015823,0.050237,0.117413,-0.022351,-0.056742,0.118823,-0.01575,0.050421,0.129855,-0.022282,-0.056349,0.132051,-0.015518,0.050796,0.142466,-0.022061,-0.055805,0.145271,-0.015164,0.051321,0.15522,-0.021719,-0.055148,0.158484,-0.014719,0.051961,0.168087,-0.021285,-0.054409,0.171689,-0.014207,0.052687,0.181045,-0.020783,-0.053611,0.18489,-0.013649,0.053473,0.194055,-0.020233,-0.052766,0.198086,-0.013071,0.054312,0.207165,-0.019658,0.21302,0.84812,0.186338,-0.008178,-0.010474,0.032015,-0.000338,0.017018,-0.072563,-0.004785,0.001666,0.036052,0.00246,0.027028,-0.069234,-0.001891,0.014119,0.039479,0.004848,0.037305,-0.066407,0.000501,0.02683,0.042293,0.006836,0.047874,-0.064068,0.00241,0.039737,0.044517,0.008443,0.058748,-0.062197,0.003867,0.052787,0.046189,0.009689,0.069928,-0.060766,0.004915,0.065929,0.047362,0.010602,0.081404,-0.059744,0.005605,0.079127,0.048098,0.011215,0.093159,-0.05909,0.005988,0.092352,0.048462,0.011562,0.105171,-0.058761,0.006118,0.105588,0.048516,0.011682,0.117413,-0.058712,0.006044,0.118823,0.048322,0.011611,0.129855,-0.058896,0.005808,0.132051,0.047931,0.011386,0.142466,-0.059269,0.005449,0.145271,0.04739,0.01104,0.15522,-0.059791,0.004998,0.158484,0.046737,0.0106,0.168087,-0.060427,0.00448,0.171689,0.046003,0.010092,0.181045,-0.061148,0.003915,0.18489,0.04521,0.009534,0.194055,-0.061929,0.003329,0.198086,0.04437,0.008952,0.207165,-0.062763,0.023438,-0.012224,-0.064288,-0.038267,0.020159,0.018764,0.029237,-0.000373,-0.065346,-0.033485,0.029931,0.017891,0.034273,0.011832,-0.066283,-0.02933,0.040003,0.017119,0.038542,0.024334,-0.067096,-0.025782,0.050399,0.016442,0.042068,0.037073,-0.067791,-0.022814,0.061131,0.015858,0.044898,0.04999,-0.068373,-0.020392,0.072198,0.01536,0.047098,0.063034,-0.068853,-0.018474,0.083588,0.014941,0.048742,0.076161,-0.069243,-0.017011,0.095281,0.014594,0.049913,0.089342,-0.069555,-0.01595,0.107252,0.01431,0.050691,0.102553,-0.069804,-0.015232,0.119471,0.01408,0.051151,0.11578,-0.070001,-0.014801,0.131906,0.013896,0.05136,0.129014,-0.070157,-0.014602,0.144523,0.013747,0.051378,0.142249,-0.070281,-0.014585,0.157291,0.013627,0.051252,0.155485,-0.070382,-0.014708,0.17018,0.013529,0.051021,0.168719,-0.070466,-0.014935,0.183166,0.013446,0.050717,0.181951,-0.070538,-0.015235,0.196208,0.013375,0.050366,0.195183,-0.070587,-0.015584,0.209352,0.013326],